sourceRow,REF_AREA,TIME_PERIOD,ENERGY_PRODUCT,FLOW_BREAKDOWN,UNIT_MEASURE,OBS_VALUE,ASSESSMENT_CODE
183626,EG,2025-01,GASDIES,REFGROUT,KTONS,500.0000,3
183641,EG,2025-01,GASDIES,TOTDEMO,KTONS,1200.0000,3
183646,EG,2025-01,GASDIES,TOTEXPSB,KTONS,0.0000,3
183651,EG,2025-01,GASDIES,TOTIMPSB,KTONS,628.0000,3
183676,EG,2025-02,GASDIES,REFGROUT,KTONS,417.0000,3
183691,EG,2025-02,GASDIES,TOTDEMO,KTONS,1151.0000,3
183696,EG,2025-02,GASDIES,TOTEXPSB,KTONS,66.0000,3
183701,EG,2025-02,GASDIES,TOTIMPSB,KTONS,586.0000,3
183726,EG,2025-03,GASDIES,REFGROUT,KTONS,529.0000,3
183741,EG,2025-03,GASDIES,TOTDEMO,KTONS,1208.0000,3
183746,EG,2025-03,GASDIES,TOTEXPSB,KTONS,125.0000,3
183751,EG,2025-03,GASDIES,TOTIMPSB,KTONS,614.0000,3
183776,EG,2025-04,GASDIES,REFGROUT,KTONS,510.0000,3
183791,EG,2025-04,GASDIES,TOTDEMO,KTONS,1100.0000,3
183796,EG,2025-04,GASDIES,TOTEXPSB,KTONS,184.0000,3
183801,EG,2025-04,GASDIES,TOTIMPSB,KTONS,640.0000,3
183826,EG,2025-05,GASDIES,REFGROUT,KTONS,479.0000,3
183841,EG,2025-05,GASDIES,TOTDEMO,KTONS,1131.0000,3
183846,EG,2025-05,GASDIES,TOTEXPSB,KTONS,0.0000,3
183851,EG,2025-05,GASDIES,TOTIMPSB,KTONS,635.0000,3
183876,EG,2025-06,GASDIES,REFGROUT,KTONS,501.0000,3
183891,EG,2025-06,GASDIES,TOTDEMO,KTONS,1105.0000,3
183896,EG,2025-06,GASDIES,TOTEXPSB,KTONS,0.0000,3
183901,EG,2025-06,GASDIES,TOTIMPSB,KTONS,757.0000,3
183926,EG,2025-07,GASDIES,REFGROUT,KTONS,520.0000,3
183941,EG,2025-07,GASDIES,TOTDEMO,KTONS,1201.0000,3
183946,EG,2025-07,GASDIES,TOTEXPSB,KTONS,0.0000,3
183951,EG,2025-07,GASDIES,TOTIMPSB,KTONS,766.0000,3
183976,EG,2025-08,GASDIES,REFGROUT,KTONS,474.0000,3
183991,EG,2025-08,GASDIES,TOTDEMO,KTONS,1253.0000,3
183996,EG,2025-08,GASDIES,TOTEXPSB,KTONS,0.0000,3
184001,EG,2025-08,GASDIES,TOTIMPSB,KTONS,621.0000,3
184026,EG,2025-09,GASDIES,REFGROUT,KTONS,-,3
184041,EG,2025-09,GASDIES,TOTDEMO,KTONS,-,3
184046,EG,2025-09,GASDIES,TOTEXPSB,KTONS,-,3
184051,EG,2025-09,GASDIES,TOTIMPSB,KTONS,-,3
184076,EG,2025-10,GASDIES,REFGROUT,KTONS,-,3
184091,EG,2025-10,GASDIES,TOTDEMO,KTONS,-,3
184096,EG,2025-10,GASDIES,TOTEXPSB,KTONS,-,3
184101,EG,2025-10,GASDIES,TOTIMPSB,KTONS,-,3
184126,EG,2025-11,GASDIES,REFGROUT,KTONS,-,3
184141,EG,2025-11,GASDIES,TOTDEMO,KTONS,-,3
184146,EG,2025-11,GASDIES,TOTEXPSB,KTONS,-,3
184151,EG,2025-11,GASDIES,TOTIMPSB,KTONS,-,3
184176,EG,2025-12,GASDIES,REFGROUT,KTONS,-,3
184191,EG,2025-12,GASDIES,TOTDEMO,KTONS,-,3
184196,EG,2025-12,GASDIES,TOTEXPSB,KTONS,-,3
184201,EG,2025-12,GASDIES,TOTIMPSB,KTONS,-,3
184226,EG,2025-01,GASOLINE,REFGROUT,KTONS,362.0000,3
184241,EG,2025-01,GASOLINE,TOTDEMO,KTONS,675.0000,3
184246,EG,2025-01,GASOLINE,TOTEXPSB,KTONS,0.0000,3
184251,EG,2025-01,GASOLINE,TOTIMPSB,KTONS,265.0000,3
184276,EG,2025-02,GASOLINE,REFGROUT,KTONS,290.0000,3
184291,EG,2025-02,GASOLINE,TOTDEMO,KTONS,665.0000,3
184296,EG,2025-02,GASOLINE,TOTEXPSB,KTONS,0.0000,3
184301,EG,2025-02,GASOLINE,TOTIMPSB,KTONS,123.0000,3
184326,EG,2025-03,GASOLINE,REFGROUT,KTONS,340.0000,3
184341,EG,2025-03,GASOLINE,TOTDEMO,KTONS,712.0000,3
184346,EG,2025-03,GASOLINE,TOTEXPSB,KTONS,0.0000,3
184351,EG,2025-03,GASOLINE,TOTIMPSB,KTONS,194.0000,3
184376,EG,2025-04,GASOLINE,REFGROUT,KTONS,298.0000,3
184391,EG,2025-04,GASOLINE,TOTDEMO,KTONS,660.0000,3
184396,EG,2025-04,GASOLINE,TOTEXPSB,KTONS,0.0000,3
184401,EG,2025-04,GASOLINE,TOTIMPSB,KTONS,199.0000,3
184426,EG,2025-05,GASOLINE,REFGROUT,KTONS,304.0000,3
184441,EG,2025-05,GASOLINE,TOTDEMO,KTONS,690.0000,3
184446,EG,2025-05,GASOLINE,TOTEXPSB,KTONS,0.0000,3
184451,EG,2025-05,GASOLINE,TOTIMPSB,KTONS,167.0000,3
184476,EG,2025-06,GASOLINE,REFGROUT,KTONS,322.0000,3
184491,EG,2025-06,GASOLINE,TOTDEMO,KTONS,713.0000,3
184496,EG,2025-06,GASOLINE,TOTEXPSB,KTONS,0.0000,3
184501,EG,2025-06,GASOLINE,TOTIMPSB,KTONS,232.0000,3
184526,EG,2025-07,GASOLINE,REFGROUT,KTONS,291.0000,3
184541,EG,2025-07,GASOLINE,TOTDEMO,KTONS,758.0000,3
184546,EG,2025-07,GASOLINE,TOTEXPSB,KTONS,0.0000,3
184551,EG,2025-07,GASOLINE,TOTIMPSB,KTONS,390.0000,3
184576,EG,2025-08,GASOLINE,REFGROUT,KTONS,317.0000,3
184591,EG,2025-08,GASOLINE,TOTDEMO,KTONS,790.0000,3
184596,EG,2025-08,GASOLINE,TOTEXPSB,KTONS,0.0000,3
184601,EG,2025-08,GASOLINE,TOTIMPSB,KTONS,362.0000,3
184626,EG,2025-09,GASOLINE,REFGROUT,KTONS,-,3
184641,EG,2025-09,GASOLINE,TOTDEMO,KTONS,-,3
184646,EG,2025-09,GASOLINE,TOTEXPSB,KTONS,-,3
184651,EG,2025-09,GASOLINE,TOTIMPSB,KTONS,-,3
184676,EG,2025-10,GASOLINE,REFGROUT,KTONS,-,3
184691,EG,2025-10,GASOLINE,TOTDEMO,KTONS,-,3
184696,EG,2025-10,GASOLINE,TOTEXPSB,KTONS,-,3
184701,EG,2025-10,GASOLINE,TOTIMPSB,KTONS,-,3
184726,EG,2025-11,GASOLINE,REFGROUT,KTONS,-,3
184741,EG,2025-11,GASOLINE,TOTDEMO,KTONS,-,3
184746,EG,2025-11,GASOLINE,TOTEXPSB,KTONS,-,3
184751,EG,2025-11,GASOLINE,TOTIMPSB,KTONS,-,3
184776,EG,2025-12,GASOLINE,REFGROUT,KTONS,-,3
184791,EG,2025-12,GASOLINE,TOTDEMO,KTONS,-,3
184796,EG,2025-12,GASOLINE,TOTEXPSB,KTONS,-,3
184801,EG,2025-12,GASOLINE,TOTIMPSB,KTONS,-,3
188426,EG,2025-01,TOTPRODS,REFGROUT,KTONS,2124.0000,3
188441,EG,2025-01,TOTPRODS,TOTDEMO,KTONS,2886.0000,3
188446,EG,2025-01,TOTPRODS,TOTEXPSB,KTONS,99.0000,3
188451,EG,2025-01,TOTPRODS,TOTIMPSB,KTONS,1173.0000,3
188476,EG,2025-02,TOTPRODS,REFGROUT,KTONS,1825.0000,3
188491,EG,2025-02,TOTPRODS,TOTDEMO,KTONS,2929.0000,3
188496,EG,2025-02,TOTPRODS,TOTEXPSB,KTONS,133.0000,3
188501,EG,2025-02,TOTPRODS,TOTIMPSB,KTONS,1086.0000,3
188526,EG,2025-03,TOTPRODS,REFGROUT,KTONS,2113.0000,3
188541,EG,2025-03,TOTPRODS,TOTDEMO,KTONS,3079.0000,3
188546,EG,2025-03,TOTPRODS,TOTEXPSB,KTONS,215.0000,3
188551,EG,2025-03,TOTPRODS,TOTIMPSB,KTONS,1324.0000,3
188576,EG,2025-04,TOTPRODS,REFGROUT,KTONS,1962.0000,3
188591,EG,2025-04,TOTPRODS,TOTDEMO,KTONS,2638.0000,3
188596,EG,2025-04,TOTPRODS,TOTEXPSB,KTONS,316.0000,3
188601,EG,2025-04,TOTPRODS,TOTIMPSB,KTONS,1278.0000,3
188626,EG,2025-05,TOTPRODS,REFGROUT,KTONS,1961.0000,3
188641,EG,2025-05,TOTPRODS,TOTDEMO,KTONS,2956.0000,3
188646,EG,2025-05,TOTPRODS,TOTEXPSB,KTONS,95.0000,3
188651,EG,2025-05,TOTPRODS,TOTIMPSB,KTONS,1494.0000,3
188676,EG,2025-06,TOTPRODS,REFGROUT,KTONS,2075.0000,3
188691,EG,2025-06,TOTPRODS,TOTDEMO,KTONS,3169.0000,3
188696,EG,2025-06,TOTPRODS,TOTEXPSB,KTONS,122.0000,3
188701,EG,2025-06,TOTPRODS,TOTIMPSB,KTONS,1911.0000,3
188726,EG,2025-07,TOTPRODS,REFGROUT,KTONS,2121.0000,3
188741,EG,2025-07,TOTPRODS,TOTDEMO,KTONS,3785.0000,3
188746,EG,2025-07,TOTPRODS,TOTEXPSB,KTONS,176.0000,3
188751,EG,2025-07,TOTPRODS,TOTIMPSB,KTONS,2125.0000,3
188776,EG,2025-08,TOTPRODS,REFGROUT,KTONS,2069.0000,3
188791,EG,2025-08,TOTPRODS,TOTDEMO,KTONS,3396.0000,3
188796,EG,2025-08,TOTPRODS,TOTEXPSB,KTONS,149.0000,3
188801,EG,2025-08,TOTPRODS,TOTIMPSB,KTONS,1504.0000,3
188826,EG,2025-09,TOTPRODS,REFGROUT,KTONS,-,3
188841,EG,2025-09,TOTPRODS,TOTDEMO,KTONS,-,3
188846,EG,2025-09,TOTPRODS,TOTEXPSB,KTONS,-,3
188851,EG,2025-09,TOTPRODS,TOTIMPSB,KTONS,-,3
188876,EG,2025-10,TOTPRODS,REFGROUT,KTONS,-,3
188891,EG,2025-10,TOTPRODS,TOTDEMO,KTONS,-,3
188896,EG,2025-10,TOTPRODS,TOTEXPSB,KTONS,-,3
188901,EG,2025-10,TOTPRODS,TOTIMPSB,KTONS,-,3
188926,EG,2025-11,TOTPRODS,REFGROUT,KTONS,-,3
188941,EG,2025-11,TOTPRODS,TOTDEMO,KTONS,-,3
188946,EG,2025-11,TOTPRODS,TOTEXPSB,KTONS,-,3
188951,EG,2025-11,TOTPRODS,TOTIMPSB,KTONS,-,3
188976,EG,2025-12,TOTPRODS,REFGROUT,KTONS,-,3
188991,EG,2025-12,TOTPRODS,TOTDEMO,KTONS,-,3
188996,EG,2025-12,TOTPRODS,TOTEXPSB,KTONS,-,3
189001,EG,2025-12,TOTPRODS,TOTIMPSB,KTONS,-,3
